model,threshold,AUC,AUPRC,F1,Precision,Recall
Multimodal_LogReg,0.2,0.6341703460916831,0.0493431184821785,0.06067961165048544,0.03142677561282212,0.8771929824561403
Multimodal_LogReg,0.5,0.6341703460916831,0.0493431184821785,0.09572649572649573,0.05303030303030303,0.49122807017543857
Multimodal_LogReg,0.9,0.6341703460916831,0.0493431184821785,0.02666666666666667,0.05555555555555555,0.017543859649122806
Static_LogReg,0.2,0.5960803965652679,0.055394003880959344,0.05542051531356344,0.0285,1.0
Static_LogReg,0.5,0.5960803965652679,0.055394003880959344,0.07055630936227951,0.03823529411764706,0.45614035087719296
Static_LogReg,0.9,0.5960803965652679,0.055394003880959344,0.03225806451612903,0.2,0.017543859649122806
Temporal_LogReg,0.2,0.6096288069633683,0.043102815121701554,0.06,0.0310407790626902,0.8947368421052632
Temporal_LogReg,0.5,0.6096288069633683,0.043102815121701554,0.08881578947368421,0.04900181488203267,0.47368421052631576
Temporal_LogReg,0.9,0.6096288069633683,0.043102815121701554,0.0,0.0,0.0
