model,threshold,AUC,AUPRC,F1,Precision,Recall
Multimodal_RF,0.1,0.69762801238815,0.06810011576101879,0.11290322580645161,0.1044776119402985,0.12280701754385964
Multimodal_LogReg,0.5,0.6341703460916831,0.0493431184821785,0.09572649572649573,0.05303030303030303,0.49122807017543857
Temporal_LogReg,0.5,0.6096288069633683,0.043102815121701554,0.08881578947368421,0.04900181488203267,0.47368421052631576
Static_LogReg,0.7,0.5960803965652679,0.055394003880959344,0.07476635514018691,0.08,0.07017543859649122
